day,session_high_time,session_low_time,kz_high_time,kz_low_time,session_high,session_low,kz_high,kz_low,high_made_in_kz,low_made_in_kz,early_takeout,early_bias
01-02 Tue,17:21,21:00,19:35,21:00,1.0955800,1.0937500,1.0948600,1.0937500,False,True,kz(0),
01-03 Wed,22:55,18:14,20:29,19:37,1.0927500,1.0892900,1.0923600,1.0916500,False,False,,
01-04 Thu,17:17,21:00,20:02,21:00,1.0954300,1.0943000,1.0950000,1.0943000,False,True,kz(0),
01-05 Fri,18:11,17:19,20:57,19:40,1.0959700,1.0935200,1.0942000,1.0935700,False,False,,
01-07 Sun,22:00,22:40,21:28,21:04,1.0945600,1.0934900,1.0944600,1.0937600,False,False,,
01-08 Mon,17:07,17:41,19:58,21:00,1.0965600,1.0948800,1.0956800,1.0949399,False,False,,
01-09 Tue,17:02,18:41,20:59,19:50,1.0940000,1.0920000,1.0931400,1.0925000,False,False,,
01-10 Wed,22:56,17:11,20:58,19:43,1.0974700,1.0959300,1.0972900,1.0961500,False,False,,
01-11 Thu,18:55,17:01,20:43,19:37,1.0982900,1.0949800,1.0975100,1.0958101,False,False,,
01-12 Fri,18:13,20:39,19:31,20:39,1.0963300,1.0948100,1.0955600,1.0948100,False,True,kz(0),
01-14 Sun,21:51,22:58,21:16,21:07,1.0950201,1.0944000,1.0949600,1.0944400,False,False,,
01-15 Mon,17:59,22:58,19:59,21:05,1.0952801,1.0944700,1.0951700,1.0945400,False,False,,
01-16 Tue,17:31,17:00,19:58,19:34,1.0877000,1.0862800,1.0872400,1.0870000,False,False,,
01-17 Wed,22:59,17:40,20:01,19:30,1.0886000,1.0856500,1.0882699,1.0872800,False,False,,
01-18 Thu,22:59,17:18,20:35,19:46,1.0880400,1.0854200,1.0877301,1.0863700,False,False,,
01-19 Fri,20:59,17:02,20:59,19:30,1.0898300,1.0885900,1.0898300,1.0890900,True,False,kz(0),
01-21 Sun,22:04,21:40,21:20,21:12,1.0897599,1.0887800,1.0895900,1.0888700,False,False,,
01-22 Mon,17:00,22:53,19:32,21:10,1.0896300,1.0876800,1.0885201,1.0880001,False,False,,
01-23 Tue,22:32,17:01,20:38,19:31,1.0859300,1.0830200,1.0855900,1.0843700,False,False,,
01-24 Wed,17:01,20:06,19:40,20:06,1.0906000,1.0877600,1.0886500,1.0877600,False,True,kz(0),
01-25 Thu,20:52,18:23,20:52,19:30,1.0847900,1.0821600,1.0847900,1.0833600,True,False,kz(0),
01-26 Fri,17:27,20:59,19:30,20:59,1.0865800,1.0850199,1.0859700,1.0850199,False,True,kz(0),
01-28 Sun,22:00,21:01,21:00,21:01,1.0849000,1.0841399,1.0848401,1.0841399,False,True,kz(0),
01-29 Mon,19:18,17:15,19:30,20:04,1.0840400,1.0809200,1.0837801,1.0826700,False,False,,
01-30 Tue,19:02,17:24,20:46,21:10,1.0848500,1.0831500,1.0847000,1.0839900,False,False,,
01-31 Wed,18:43,19:34,20:55,19:34,1.0864201,1.0794899,1.0819401,1.0794899,False,True,kz(0),
02-01 Thu,22:10,17:30,21:27,21:16,1.0876100,1.0862900,1.0873500,1.0866801,False,False,,
02-02 Fri,19:16,17:10,19:55,20:59,1.0797400,1.0780400,1.0795300,1.0784900,False,False,,
02-04 Sun,21:48,22:19,21:03,21:06,1.0785800,1.0769800,1.0785700,1.0781400,False,False,,
02-05 Mon,17:48,19:13,19:46,19:33,1.0746500,1.0736700,1.0743999,1.0738800,False,False,,
02-06 Tue,19:58,17:23,19:58,21:16,1.0757400,1.0743500,1.0757400,1.0749201,True,False,kz(0),
02-07 Wed,22:33,17:00,20:34,21:03,1.0777000,1.0764500,1.0774800,1.0767900,False,False,,
02-08 Thu,17:02,18:37,19:33,21:08,1.0782700,1.0772600,1.0779901,1.0774000,False,False,,
02-09 Fri,17:34,19:08,20:20,20:59,1.0790800,1.0779700,1.0788500,1.0782100,False,False,,
02-11 Sun,22:54,21:00,21:26,21:00,1.0798301,1.0776600,1.0783499,1.0776600,False,True,kz(0),
02-12 Mon,17:22,18:51,19:58,21:01,1.0786000,1.0767900,1.0775000,1.0769700,False,False,,
02-13 Tue,17:10,18:59,21:24,19:30,1.0720100,1.0700500,1.0711600,1.0706000,False,False,,
02-14 Wed,17:04,21:00,19:56,21:00,1.0733800,1.0724601,1.0728800,1.0724601,False,True,kz(1),
02-15 Thu,22:21,17:04,20:55,21:01,1.0776800,1.0760500,1.0773799,1.0768000,False,False,,
02-16 Fri,18:02,19:50,20:29,19:50,1.0787400,1.0772901,1.0777800,1.0772901,False,True,kz(0),
02-18 Sun,22:55,21:00,21:14,21:00,1.0785000,1.0771800,1.0776800,1.0771800,False,True,kz(0),
02-19 Mon,17:18,22:47,20:30,21:02,1.0783600,1.0773700,1.0782300,1.0776600,False,False,,
02-20 Tue,17:48,19:03,19:32,21:16,1.0813000,1.0804300,1.0812600,1.0805600,False,False,,
02-21 Wed,18:04,17:02,19:37,20:11,1.0824300,1.0799900,1.0820900,1.0812900,False,False,,
02-22 Thu,17:44,17:20,20:53,19:35,1.0826100,1.0814400,1.0823600,1.0818501,False,False,,
02-23 Fri,17:34,20:59,20:29,20:59,1.0829600,1.0817400,1.0823100,1.0817400,False,True,kz(0),
02-25 Sun,21:00,21:25,21:00,21:25,1.0832200,1.0818200,1.0832200,1.0818200,True,True,kz(1),low_takeout
02-26 Mon,19:25,17:39,19:50,21:25,1.0852500,1.0839700,1.0852500,1.0846900,False,False,,
02-27 Tue,17:20,18:47,19:46,21:00,1.0856700,1.0840800,1.0847501,1.0843300,False,False,,
02-28 Wed,17:30,18:51,19:33,21:02,1.0840400,1.0832400,1.0839800,1.0834100,False,False,,
02-29 Thu,18:19,17:06,19:42,21:03,1.0811200,1.0798301,1.0809500,1.0799800,False,False,,
03-01 Fri,18:30,17:06,20:56,20:22,1.0843199,1.0831500,1.0840501,1.0833300,False,False,,
03-03 Sun,22:33,21:01,21:21,21:01,1.0844001,1.0835000,1.0839700,1.0835000,False,True,kz(1),
03-04 Mon,17:09,21:14,19:40,21:14,1.0860600,1.0852600,1.0859400,1.0852600,False,True,kz(0),
03-05 Tue,17:00,19:14,20:05,19:31,1.0859900,1.0848900,1.0858901,1.0851200,False,False,,
03-06 Wed,17:32,21:02,21:21,21:02,1.0907700,1.0892800,1.0901099,1.0892800,False,True,kz(0),
03-07 Thu,22:59,17:03,19:40,21:03,1.0951300,1.0936500,1.0949100,1.0942600,False,False,,
03-08 Fri,19:02,17:42,20:55,19:40,1.0943800,1.0933400,1.0940700,1.0934500,False,False,,
03-10 Sun,22:54,21:14,20:00,21:14,1.0943600,1.0935900,1.0941100,1.0935900,False,True,kz(0),
03-11 Mon,22:57,17:39,20:07,20:05,1.0930901,1.0918200,1.0927100,1.0919501,False,False,,
03-12 Tue,22:25,17:01,21:03,20:01,1.0928900,1.0918500,1.0927600,1.0925200,False,False,,
03-13 Wed,17:02,18:52,20:09,19:46,1.0958400,1.0945600,1.0952200,1.0947000,False,False,,
03-14 Thu,19:02,18:43,19:32,20:38,1.0891800,1.0880600,1.0886101,1.0881701,False,False,,
03-15 Fri,18:28,17:00,19:30,19:57,1.0891300,1.0883600,1.0889900,1.0886101,False,False,,
03-17 Sun,21:10,22:42,21:10,20:15,1.0891100,1.0881701,1.0891100,1.0881900,True,False,kz(0),
03-18 Mon,21:32,17:04,21:19,19:39,1.0873899,1.0867300,1.0873801,1.0869700,False,False,,
03-19 Tue,20:05,18:05,20:05,20:02,1.0867000,1.0860900,1.0867000,1.0861900,True,False,kz(0),
03-20 Wed,22:59,17:00,21:29,20:56,1.0937400,1.0863900,1.0930800,1.0917900,False,False,,
03-21 Thu,17:52,18:57,20:46,19:31,1.0863000,1.0855401,1.0862000,1.0857199,False,False,,
03-22 Fri,19:36,18:24,19:36,19:59,1.0809600,1.0801700,1.0809600,1.0806500,True,False,kz(0),
03-24 Sun,20:46,21:00,20:46,21:00,1.0810400,1.0804600,1.0810400,1.0804600,True,True,kz(1),low_takeout
03-25 Mon,19:26,20:16,19:33,20:16,1.0840900,1.0834700,1.0839200,1.0834700,False,True,kz(0),
03-26 Tue,18:26,19:07,21:00,19:49,1.0834900,1.0828400,1.0833100,1.0829800,False,False,,
03-27 Wed,19:01,21:57,19:41,21:13,1.0829000,1.0810100,1.0828500,1.0812401,False,False,,
03-28 Thu,17:06,18:22,21:01,20:04,1.0798500,1.0784600,1.0793500,1.0784900,False,False,,
03-29 Fri,19:28,17:01,19:31,19:59,1.0795100,1.0787600,1.0795000,1.0789800,False,False,,
03-31 Sun,22:07,21:00,21:18,21:00,1.0796500,1.0784800,1.0793500,1.0784800,False,True,kz(0),
04-01 Mon,21:17,17:00,21:17,21:11,1.0744600,1.0736600,1.0744600,1.0737400,True,False,kz(0),
04-02 Tue,21:59,19:30,21:21,19:30,1.0773400,1.0760100,1.0771900,1.0760100,False,True,kz(1),
04-03 Wed,22:27,17:07,20:52,19:30,1.0838200,1.0825500,1.0836600,1.0829300,False,False,,
04-04 Thu,17:15,20:02,19:46,20:02,1.0861800,1.0831701,1.0841200,1.0831701,False,True,kz(0),
04-05 Fri,17:33,18:01,20:49,19:44,1.0838799,1.0830600,1.0837600,1.0832601,False,False,,
04-07 Sun,21:27,22:58,21:27,21:00,1.0837899,1.0827200,1.0837899,1.0834700,True,False,kz(0),
04-08 Mon,18:27,17:02,21:26,21:04,1.0862100,1.0849400,1.0861900,1.0852799,False,False,,
04-09 Tue,21:55,19:09,20:20,19:39,1.0859300,1.0847700,1.0859100,1.0854000,False,False,,
04-10 Wed,17:31,17:08,20:22,19:31,1.0754200,1.0729001,1.0745600,1.0740000,False,False,,
04-11 Thu,18:07,17:01,19:46,21:00,1.0734500,1.0715200,1.0732000,1.0725200,False,False,,
04-12 Fri,18:11,20:01,20:13,20:01,1.0650500,1.0637100,1.0644200,1.0637100,False,True,kz(0),
04-14 Sun,22:43,21:05,21:00,21:05,1.0651400,1.0630900,1.0638000,1.0630900,False,True,kz(0),
04-15 Mon,17:08,19:20,19:57,20:38,1.0639400,1.0620199,1.0627199,1.0620900,False,False,,
04-16 Tue,18:54,17:32,19:30,21:13,1.0635000,1.0601000,1.0626301,1.0614200,False,False,,
04-17 Wed,18:50,17:00,20:54,19:41,1.0679600,1.0647900,1.0673600,1.0666000,False,False,,
04-18 Thu,17:03,22:54,19:42,20:55,1.0654800,1.0640399,1.0646800,1.0641299,False,False,,
04-19 Fri,17:20,18:38,20:55,19:36,1.0658400,1.0646501,1.0657800,1.0650400,False,False,,
04-21 Sun,22:12,21:21,21:16,21:21,1.0661401,1.0645601,1.0661200,1.0645601,False,True,kz(0),
04-22 Mon,18:38,17:02,20:46,20:02,1.0660700,1.0648100,1.0655200,1.0650400,False,False,,
04-23 Tue,17:49,17:03,19:49,20:29,1.0707600,1.0699300,1.0704900,1.0700001,False,False,,
04-24 Wed,19:26,18:32,19:30,21:01,1.0706500,1.0686899,1.0706400,1.0692800,False,False,,
04-25 Thu,17:33,18:30,19:30,19:54,1.0738699,1.0722800,1.0734100,1.0727100,False,False,,
04-26 Fri,19:01,20:37,20:02,20:37,1.0707200,1.0690800,1.0701600,1.0690800,False,True,kz(0),
04-28 Sun,22:31,21:04,21:25,21:04,1.0703700,1.0689800,1.0694300,1.0689800,False,True,kz(1),
04-29 Mon,17:13,19:03,20:12,19:36,1.0729500,1.0715100,1.0723000,1.0716701,False,False,,
04-30 Tue,17:04,21:00,19:33,21:00,1.0682900,1.0663500,1.0677100,1.0663500,False,True,kz(0),
05-01 Wed,18:55,17:14,20:50,20:12,1.0732599,1.0670700,1.0722899,1.0686700,False,False,,
05-02 Thu,18:59,17:18,20:25,19:36,1.0730200,1.0713900,1.0727800,1.0723300,False,False,,
05-03 Fri,19:36,17:22,19:36,20:59,1.0769300,1.0759200,1.0769300,1.0759400,True,False,kz(0),
05-05 Sun,22:00,21:00,21:10,21:00,1.0764600,1.0760000,1.0763201,1.0760000,False,True,kz(0),
05-06 Mon,17:07,21:04,21:10,21:04,1.0776500,1.0765600,1.0770900,1.0765600,False,True,kz(0),
05-07 Tue,17:00,18:40,19:59,21:04,1.0770600,1.0747800,1.0757600,1.0752400,False,False,,
05-08 Wed,22:30,17:36,21:04,19:40,1.0750500,1.0740900,1.0748800,1.0743099,False,False,,
05-09 Thu,22:13,17:01,19:41,21:07,1.0785800,1.0773600,1.0784400,1.0780500,False,False,,
05-10 Fri,17:05,20:51,19:30,20:51,1.0777299,1.0768400,1.0774601,1.0768400,False,True,kz(0),
05-12 Sun,22:00,21:47,21:00,21:27,1.0773100,1.0766300,1.0772200,1.0769100,False,False,,
05-13 Mon,17:02,21:04,20:55,21:04,1.0793900,1.0785900,1.0789900,1.0785900,False,True,kz(0),
05-14 Tue,18:17,17:03,19:54,21:10,1.0822999,1.0815500,1.0821700,1.0816200,False,False,,
05-15 Wed,22:46,17:03,20:19,21:11,1.0889900,1.0871600,1.0886000,1.0878400,False,False,,
05-16 Thu,17:20,21:33,19:42,20:14,1.0875400,1.0863700,1.0868900,1.0864600,False,False,,
05-17 Fri,18:58,20:59,19:30,20:59,1.0876800,1.0867400,1.0876100,1.0867400,False,True,kz(0),
05-19 Sun,22:04,21:28,21:15,21:28,1.0872900,1.0864000,1.0867300,1.0864000,False,True,kz(0),
05-20 Mon,17:15,21:41,19:30,21:00,1.0870600,1.0855300,1.0863000,1.0855800,False,False,,
05-21 Tue,22:54,17:13,20:18,21:00,1.0857400,1.0846300,1.0856400,1.0853100,False,False,,
05-22 Wed,17:09,19:27,21:09,19:47,1.0846900,1.0817400,1.0824300,1.0818800,False,False,,
05-23 Thu,17:33,18:58,20:58,19:31,1.0820000,1.0804800,1.0815800,1.0807199,False,False,,
05-24 Fri,18:18,20:59,19:31,20:59,1.0853300,1.0844200,1.0850000,1.0844200,False,True,kz(0),
05-26 Sun,22:32,21:15,21:00,21:15,1.0851300,1.0843000,1.0845300,1.0843000,False,True,kz(0),
05-27 Mon,20:24,21:05,20:24,21:05,1.0860699,1.0852100,1.0860699,1.0852100,True,True,kz(1),high_takeout
05-28 Tue,17:00,22:44,19:52,20:55,1.0875700,1.0854100,1.0861900,1.0855900,False,False,,
05-29 Wed,17:00,19:51,21:05,19:51,1.0815901,1.0799900,1.0804000,1.0799900,False,True,kz(0),
05-30 Thu,17:12,19:50,19:30,19:50,1.0843300,1.0826800,1.0835299,1.0826800,False,True,kz(0),
05-31 Fri,17:25,19:17,20:01,19:31,1.0852600,1.0840501,1.0852100,1.0841900,False,False,,
06-02 Sun,22:24,21:07,21:08,21:07,1.0854400,1.0845300,1.0849200,1.0845300,False,True,kz(0),
06-03 Mon,22:11,17:12,20:58,19:30,1.0909801,1.0881300,1.0904500,1.0896000,False,False,,
06-04 Tue,17:50,22:00,19:46,20:55,1.0887700,1.0877800,1.0882500,1.0878100,False,False,,
06-05 Wed,18:55,17:49,19:36,20:59,1.0877301,1.0860500,1.0876499,1.0867900,False,False,,
06-06 Thu,18:57,17:07,20:13,21:00,1.0894200,1.0881000,1.0893101,1.0887300,False,False,,
06-07 Fri,19:02,20:59,20:29,20:59,1.0807101,1.0799299,1.0803800,1.0799299,False,True,kz(0),
06-09 Sun,21:00,21:05,21:00,21:05,1.0778900,1.0764400,1.0778900,1.0764400,True,True,kz(1),high_takeout
06-10 Mon,22:13,17:18,20:57,21:18,1.0768100,1.0750400,1.0766400,1.0759400,False,False,,
06-11 Tue,19:24,17:01,19:30,20:41,1.0749300,1.0736600,1.0746400,1.0739000,False,False,,
06-12 Wed,17:01,19:35,19:37,19:35,1.0845799,1.0803601,1.0811900,1.0803601,False,True,kz(0),
06-13 Thu,17:58,21:03,20:14,21:03,1.0743999,1.0733500,1.0743200,1.0733500,False,True,kz(0),
06-14 Fri,20:39,18:18,20:39,20:58,1.0707500,1.0694500,1.0707500,1.0697500,True,False,kz(0),
06-16 Sun,22:05,21:50,21:22,21:00,1.0708899,1.0699500,1.0708400,1.0702800,False,False,,
06-17 Mon,22:46,17:33,20:43,21:12,1.0740000,1.0723300,1.0735900,1.0730400,False,False,,
06-18 Tue,17:02,18:36,20:12,21:01,1.0743300,1.0732100,1.0740800,1.0735900,False,False,,
06-19 Wed,17:25,21:00,21:11,21:00,1.0747200,1.0741200,1.0745600,1.0741200,False,True,kz(0),
06-20 Thu,18:26,21:00,19:51,21:00,1.0717700,1.0701200,1.0708400,1.0701200,False,True,kz(0),
06-21 Fri,19:01,17:20,20:26,19:59,1.0696800,1.0690700,1.0695000,1.0690900,False,False,,
06-23 Sun,22:59,21:00,21:28,21:00,1.0693700,1.0684900,1.0692300,1.0684900,False,True,kz(0),
06-24 Mon,19:38,17:32,19:38,21:00,1.0738200,1.0721999,1.0738200,1.0731300,True,False,kz(0),
06-25 Tue,19:39,17:00,19:39,21:03,1.0717500,1.0704401,1.0717500,1.0707200,True,False,kz(0),
06-26 Wed,17:35,19:13,20:01,19:32,1.0690800,1.0675000,1.0681500,1.0675100,False,False,,
06-27 Thu,17:02,19:54,21:01,19:54,1.0708300,1.0701200,1.0705301,1.0701200,False,True,kz(0),
06-28 Fri,17:19,19:32,20:57,19:32,1.0724601,1.0706100,1.0714500,1.0706100,False,True,kz(1),
06-30 Sun,21:00,22:10,21:00,21:28,1.0745500,1.0732000,1.0745500,1.0736200,True,False,kz(0),
07-01 Mon,20:34,18:29,20:34,21:15,1.0742600,1.0724200,1.0742600,1.0734700,True,False,kz(0),
07-02 Tue,22:01,17:02,20:17,21:03,1.0748900,1.0731601,1.0747100,1.0740800,False,False,,
07-03 Wed,17:00,18:23,20:54,21:01,1.0795799,1.0778100,1.0788600,1.0783300,False,False,,
07-04 Thu,22:00,21:00,20:29,21:00,1.0814000,1.0810000,1.0813700,1.0810000,False,True,kz(0),
07-05 Fri,19:43,17:17,19:43,20:59,1.0842600,1.0824800,1.0842600,1.0836300,True,False,kz(1),
07-07 Sun,22:06,21:00,21:17,21:00,1.0832900,1.0799800,1.0822500,1.0799800,False,True,kz(1),
07-08 Mon,17:52,19:26,19:52,20:56,1.0833600,1.0822300,1.0825700,1.0822600,False,False,,
07-09 Tue,20:25,17:29,20:25,19:37,1.0816500,1.0806500,1.0816500,1.0812401,True,False,kz(0),
07-10 Wed,22:13,18:19,20:57,19:30,1.0833200,1.0817300,1.0830500,1.0825200,False,False,,
07-11 Thu,19:11,17:46,20:58,21:01,1.0869800,1.0859700,1.0867900,1.0861400,False,False,,
07-12 Fri,19:26,17:21,19:30,20:47,1.0911300,1.0901000,1.0910100,1.0903900,False,False,,
07-14 Sun,21:31,21:00,21:14,21:00,1.0895000,1.0881799,1.0894400,1.0881799,False,True,kz(1),
07-15 Mon,17:00,17:37,19:33,21:00,1.0906301,1.0893199,1.0899200,1.0893500,False,False,,
07-16 Tue,19:57,17:01,19:57,19:31,1.0902900,1.0887600,1.0902900,1.0896900,True,False,kz(0),
07-17 Wed,21:05,17:10,21:05,19:46,1.0940100,1.0928299,1.0940100,1.0934700,True,False,kz(0),
07-18 Thu,17:00,19:24,19:50,19:54,1.0916400,1.0893500,1.0899700,1.0895100,False,False,,
07-19 Fri,17:01,18:45,20:59,19:55,1.0885400,1.0875601,1.0883600,1.0876900,False,False,,
07-21 Sun,22:54,21:03,21:06,21:03,1.0900100,1.0880700,1.0886400,1.0880700,False,True,kz(0),
07-22 Mon,21:01,19:54,21:01,19:54,1.0893300,1.0885800,1.0893300,1.0885800,True,True,kz(1),high_takeout
07-23 Tue,17:21,22:03,20:53,19:36,1.0856400,1.0849100,1.0856301,1.0849200,False,False,,
07-24 Wed,17:21,19:04,19:38,19:55,1.0854900,1.0835900,1.0842500,1.0837300,False,False,,
07-25 Thu,17:10,20:36,19:31,20:36,1.0869900,1.0843400,1.0853300,1.0843400,False,True,kz(0),
07-26 Fri,17:00,20:59,19:30,20:59,1.0865400,1.0854700,1.0858700,1.0854700,False,True,kz(0),
07-28 Sun,22:25,21:45,21:27,21:00,1.0859900,1.0852700,1.0858600,1.0854800,False,False,,
07-29 Mon,17:52,18:41,19:38,20:35,1.0825900,1.0819300,1.0825500,1.0819700,False,False,,
07-30 Tue,17:23,20:03,20:55,20:03,1.0817600,1.0808500,1.0815400,1.0808500,False,True,kz(0),
07-31 Wed,19:11,18:01,19:46,20:02,1.0832900,1.0801899,1.0831300,1.0816900,False,False,,
08-01 Thu,19:52,19:01,19:52,20:23,1.0795400,1.0782501,1.0795400,1.0786400,True,False,kz(0),
08-02 Fri,18:32,17:26,19:33,20:27,1.0916600,1.0907100,1.0915900,1.0908000,False,False,,
08-04 Sun,21:00,22:52,21:00,21:04,1.0923400,1.0902801,1.0923400,1.0917500,True,False,kz(0),
08-05 Mon,17:01,21:02,20:12,21:02,1.0964299,1.0946200,1.0960200,1.0946200,False,True,kz(0),
08-06 Tue,18:41,17:16,20:58,19:30,1.0933501,1.0922600,1.0932100,1.0924400,False,False,,
08-07 Wed,17:35,21:02,19:32,21:02,1.0927100,1.0917300,1.0926600,1.0917300,False,True,kz(0),
08-08 Thu,20:50,17:06,20:50,21:04,1.0919000,1.0907400,1.0919000,1.0910000,True,False,kz(0),
08-09 Fri,17:38,20:53,19:31,20:53,1.0923400,1.0914800,1.0919600,1.0914800,False,True,kz(0),
08-11 Sun,21:45,22:23,21:23,21:00,1.0919600,1.0910000,1.0918500,1.0914201,False,False,,
08-12 Mon,18:08,17:00,21:23,21:03,1.0935000,1.0922101,1.0933400,1.0924900,False,False,,
08-13 Tue,19:13,17:05,20:29,21:05,1.0999600,1.0969700,1.0998900,1.0975400,False,False,,
08-14 Wed,17:06,18:16,19:54,20:36,1.1018400,1.1010799,1.1015300,1.1010799,False,False,,
08-15 Thu,19:07,21:00,19:30,21:00,1.0979900,1.0970300,1.0976300,1.0970300,False,True,kz(1),
08-16 Fri,20:56,17:00,20:56,19:30,1.1029600,1.1003600,1.1029600,1.1019300,True,False,kz(0),
08-18 Sun,22:06,22:00,21:00,21:21,1.1034000,1.1023099,1.1027600,1.1023200,False,False,,
08-19 Mon,22:13,17:31,19:47,21:06,1.1087500,1.1070300,1.1086299,1.1080400,False,False,,
08-20 Tue,20:57,17:16,20:57,21:04,1.1130400,1.1108800,1.1130400,1.1123600,True,False,kz(0),
08-21 Wed,18:29,17:00,19:56,21:07,1.1174001,1.1145500,1.1155100,1.1147000,False,False,,
08-22 Thu,22:39,17:45,20:57,19:44,1.1116199,1.1098700,1.1113100,1.1104600,False,False,,
08-23 Fri,18:11,17:00,20:49,20:14,1.1200800,1.1173000,1.1194100,1.1187400,False,False,,
08-25 Sun,21:24,21:00,21:24,21:00,1.1194800,1.1185400,1.1194800,1.1185400,True,True,kz(1),high_takeout
08-26 Mon,17:13,21:01,19:32,21:01,1.1175300,1.1157500,1.1162900,1.1157500,False,True,kz(0),
08-27 Tue,18:47,17:00,20:41,21:11,1.1190500,1.1164300,1.1185800,1.1178401,False,False,,
08-28 Wed,22:35,17:58,20:54,20:01,1.1124200,1.1105300,1.1119900,1.1112300,False,False,,
08-29 Thu,17:36,21:00,19:30,21:00,1.1085401,1.1074300,1.1080300,1.1074300,False,True,kz(0),
08-30 Fri,17:22,20:59,20:05,20:59,1.1056600,1.1045300,1.1055100,1.1045300,False,True,kz(0),
09-01 Sun,22:40,22:03,21:28,21:00,1.1049600,1.1044000,1.1049401,1.1046200,False,False,,
09-02 Mon,19:49,21:04,19:49,21:04,1.1072700,1.1061300,1.1072700,1.1061300,True,True,kz(1),low_takeout
09-03 Tue,22:50,17:59,20:54,21:05,1.1046799,1.1026300,1.1044199,1.1036299,False,False,,
09-04 Wed,22:06,18:02,20:45,20:01,1.1086299,1.1065300,1.1083601,1.1075500,False,False,,
09-05 Thu,18:11,17:36,20:45,19:56,1.1113200,1.1099401,1.1111200,1.1102700,False,False,,
09-06 Fri,19:29,17:03,19:30,20:59,1.1089500,1.1069500,1.1089300,1.1082200,False,False,,
09-08 Sun,22:51,21:00,21:08,21:00,1.1090400,1.1078100,1.1083800,1.1078100,False,True,kz(0),
09-09 Mon,17:13,21:00,19:39,21:00,1.1053600,1.1033100,1.1040200,1.1033100,False,True,kz(0),
09-10 Tue,17:06,20:55,19:58,20:55,1.1027800,1.1018200,1.1027600,1.1018200,False,True,kz(0),
09-11 Wed,19:19,21:00,19:30,21:00,1.1026500,1.1010400,1.1024400,1.1010400,False,True,kz(0),
09-12 Thu,20:25,17:36,20:25,19:30,1.1075000,1.1042500,1.1075000,1.1065500,True,False,kz(0),
09-13 Fri,17:04,20:59,19:30,20:59,1.1085800,1.1072100,1.1080199,1.1072100,False,True,kz(1),
09-15 Sun,22:58,21:32,21:12,21:28,1.1087300,1.1074300,1.1077700,1.1074700,False,False,,
09-16 Mon,20:48,17:37,20:48,19:31,1.1133200,1.1116000,1.1133200,1.1121200,True,False,kz(0),
09-17 Tue,19:02,17:12,19:33,21:00,1.1123500,1.1110899,1.1118600,1.1112400,False,False,,
09-18 Wed,18:34,19:50,19:30,19:50,1.1189100,1.1096600,1.1132500,1.1096600,False,True,kz(0),
09-19 Thu,18:32,17:06,20:16,19:44,1.1167800,1.1152400,1.1164200,1.1158800,False,False,,
09-20 Fri,17:00,20:31,19:38,20:31,1.1174200,1.1156100,1.1165900,1.1156100,False,True,kz(0),
09-22 Sun,21:14,21:02,21:14,21:02,1.1164700,1.1158000,1.1164700,1.1158000,True,True,kz(1),low_takeout
09-23 Mon,17:36,20:52,19:43,20:52,1.1128401,1.1109700,1.1117600,1.1109700,False,True,kz(0),
09-24 Tue,22:58,17:31,20:57,19:30,1.1188800,1.1154600,1.1180900,1.1172100,False,False,,
09-25 Wed,18:50,17:09,20:59,20:02,1.1138700,1.1121500,1.1132700,1.1124901,False,False,,
09-26 Thu,19:20,17:01,19:37,21:23,1.1184100,1.1168300,1.1181099,1.1173900,False,False,,
09-27 Fri,19:01,17:00,20:28,20:55,1.1167800,1.1150301,1.1167700,1.1158900,False,False,,
09-29 Sun,22:30,21:04,21:25,21:04,1.1172301,1.1152600,1.1160300,1.1152600,False,True,kz(0),
09-30 Mon,17:55,18:20,20:28,19:31,1.1162900,1.1113600,1.1136500,1.1124800,False,False,,
10-01 Tue,19:32,17:20,19:32,20:34,1.1077300,1.1045800,1.1077300,1.1065600,True,False,kz(0),
10-02 Wed,19:59,19:01,19:59,19:30,1.1053300,1.1036700,1.1053300,1.1039900,True,False,kz(1),
10-03 Thu,17:47,19:10,21:09,20:09,1.1036100,1.1024899,1.1033000,1.1026000,False,False,,
10-04 Fri,19:48,17:02,19:48,20:42,1.0977700,1.0957700,1.0977700,1.0972500,True,False,kz(1),
10-06 Sun,22:27,21:03,21:06,21:03,1.0971700,1.0962000,1.0968100,1.0962000,False,True,kz(0),
10-07 Mon,17:41,19:05,21:29,19:34,1.0986800,1.0965700,1.0975400,1.0968100,False,False,,
10-08 Tue,22:56,17:18,20:59,19:32,1.0980700,1.0965700,1.0980600,1.0970900,False,False,,
10-09 Wed,18:26,18:12,19:30,20:30,1.0942600,1.0936199,1.0940800,1.0936600,False,False,,
10-10 Thu,20:26,17:08,20:26,21:04,1.0937600,1.0900000,1.0937600,1.0911601,True,False,kz(0),
10-11 Fri,17:02,20:05,20:38,20:05,1.0947400,1.0932400,1.0938100,1.0932400,False,True,kz(0),
10-13 Sun,21:59,22:59,21:20,21:29,1.0933501,1.0927000,1.0933000,1.0930700,False,False,,
10-14 Mon,22:55,19:01,20:58,19:46,1.0909500,1.0888100,1.0909300,1.0902100,False,False,,
10-15 Tue,21:47,17:52,20:55,20:32,1.0892700,1.0881900,1.0892299,1.0885700,False,False,,
10-16 Wed,21:08,19:21,21:08,19:30,1.0870500,1.0853200,1.0870500,1.0854900,True,False,kz(0),
10-17 Thu,22:07,17:35,21:25,19:43,1.0833100,1.0821000,1.0832200,1.0825900,False,False,,
10-18 Fri,20:33,17:49,20:33,20:00,1.0869401,1.0859100,1.0869401,1.0863000,True,False,kz(0),
10-20 Sun,22:03,21:00,21:17,21:00,1.0871700,1.0860500,1.0864900,1.0860500,False,True,kz(0),
10-21 Mon,17:09,18:59,21:15,19:45,1.0822999,1.0811100,1.0817200,1.0811501,False,False,,
10-22 Tue,17:00,20:01,19:30,20:01,1.0808700,1.0792600,1.0801300,1.0792600,False,True,kz(0),
10-23 Wed,19:55,17:46,19:55,21:00,1.0786500,1.0767200,1.0786500,1.0779400,True,False,kz(0),
10-24 Thu,20:11,17:00,20:11,21:03,1.0829800,1.0810601,1.0829800,1.0823500,True,False,kz(0),
10-25 Fri,17:06,19:42,20:13,19:42,1.0806500,1.0793000,1.0797200,1.0793000,False,True,kz(0),
10-27 Sun,22:31,21:00,21:28,21:00,1.0801500,1.0786600,1.0796200,1.0786600,False,True,kz(0),
10-28 Mon,18:37,17:24,19:31,19:58,1.0819000,1.0809900,1.0815800,1.0811400,False,False,,
10-29 Tue,22:25,17:15,21:29,20:05,1.0821700,1.0803000,1.0818800,1.0812100,False,False,,
10-30 Wed,17:55,21:12,19:42,21:12,1.0871300,1.0853800,1.0860500,1.0853800,False,True,kz(0),
10-31 Thu,21:58,17:00,20:05,21:00,1.0886300,1.0860600,1.0885500,1.0881000,False,False,,
11-01 Fri,17:37,19:20,19:52,19:32,1.0845500,1.0831701,1.0835299,1.0832000,False,False,,
11-03 Sun,22:00,22:05,21:06,21:28,1.0881100,1.0871900,1.0880001,1.0874900,False,False,,
11-04 Mon,17:01,22:59,19:43,20:11,1.0889100,1.0873300,1.0878700,1.0873899,False,False,,
11-05 Tue,22:56,22:18,20:59,21:04,1.0936900,1.0911800,1.0930001,1.0923500,False,False,,
11-06 Wed,17:23,21:57,19:31,20:59,1.0757999,1.0724900,1.0737700,1.0726700,False,False,,
11-07 Thu,19:15,18:43,19:34,19:50,1.0809400,1.0766900,1.0804900,1.0793000,False,False,,
11-08 Fri,20:32,17:53,20:32,19:30,1.0721400,1.0699900,1.0721400,1.0713900,True,False,kz(0),
11-10 Sun,22:33,21:59,21:19,21:00,1.0716900,1.0707500,1.0712800,1.0708600,False,False,,
11-11 Mon,22:59,17:31,20:29,21:04,1.0663100,1.0645800,1.0657800,1.0651400,False,False,,
11-12 Tue,20:05,17:00,20:05,19:31,1.0626600,1.0606500,1.0626600,1.0612200,True,False,kz(0),
11-13 Wed,18:27,17:48,20:15,21:26,1.0575800,1.0556400,1.0566800,1.0557700,False,False,,
11-14 Thu,17:00,19:54,21:28,19:54,1.0560499,1.0511900,1.0533000,1.0511900,False,True,kz(1),
11-15 Fri,17:52,19:39,20:59,19:39,1.0554600,1.0516300,1.0540400,1.0516300,False,True,kz(1),
11-17 Sun,22:03,21:00,21:07,21:00,1.0538400,1.0528001,1.0534900,1.0528001,False,True,kz(1),
11-18 Mon,18:08,17:11,20:51,19:44,1.0607100,1.0587200,1.0600400,1.0589000,False,False,,
11-19 Tue,22:52,17:09,19:51,21:05,1.0608000,1.0571001,1.0597800,1.0585901,False,False,,
11-20 Wed,22:58,17:27,20:49,19:39,1.0545900,1.0525500,1.0544300,1.0536200,False,False,,
11-21 Thu,17:55,22:49,19:54,20:40,1.0489300,1.0467600,1.0482800,1.0471700,False,False,,
11-22 Fri,17:04,19:12,20:55,19:54,1.0425400,1.0408000,1.0420099,1.0412900,False,False,,
11-24 Sun,22:29,21:22,21:03,21:22,1.0501300,1.0461800,1.0481499,1.0461800,False,True,kz(0),
11-25 Mon,18:02,22:59,19:30,21:02,1.0510700,1.0442801,1.0503600,1.0487601,False,False,,
11-26 Tue,22:58,17:35,20:27,19:37,1.0492001,1.0457100,1.0490201,1.0471700,False,False,,
11-27 Wed,17:07,19:20,20:28,19:41,1.0578600,1.0559300,1.0568300,1.0561800,False,False,,
11-28 Thu,22:56,21:59,20:16,21:02,1.0562100,1.0550200,1.0556800,1.0550700,False,False,,
11-29 Fri,19:43,17:00,19:43,20:54,1.0584300,1.0567400,1.0584300,1.0574700,True,False,kz(1),
12-01 Sun,21:02,22:29,21:02,21:19,1.0573300,1.0533600,1.0573300,1.0565900,True,False,kz(1),
12-02 Mon,19:20,17:55,19:32,21:00,1.0515800,1.0484500,1.0514801,1.0496600,False,False,,
12-03 Tue,17:04,19:00,20:37,21:15,1.0535001,1.0502800,1.0511700,1.0504500,False,False,,
12-04 Wed,17:07,19:19,19:47,20:38,1.0538900,1.0504900,1.0517300,1.0507801,False,False,,
12-05 Thu,18:54,17:25,20:49,19:55,1.0588599,1.0556999,1.0588300,1.0581000,False,False,,
12-06 Fri,20:54,18:12,20:54,19:31,1.0569400,1.0542300,1.0569400,1.0558600,True,False,kz(1),
12-08 Sun,22:02,21:00,21:09,21:00,1.0569201,1.0554399,1.0561399,1.0554399,False,True,kz(0),
12-09 Mon,17:05,19:30,20:02,19:30,1.0567600,1.0547100,1.0554900,1.0547100,False,True,kz(0),
12-10 Tue,22:45,17:00,19:42,20:19,1.0531800,1.0508600,1.0530500,1.0523601,False,False,,
12-11 Wed,22:53,18:07,20:31,19:55,1.0506400,1.0481600,1.0497200,1.0488200,False,False,,
12-12 Thu,17:00,20:44,19:31,20:44,1.0502400,1.0464100,1.0472600,1.0464100,False,True,kz(0),
12-13 Fri,20:53,17:09,20:53,19:46,1.0504500,1.0489100,1.0504500,1.0493701,True,False,kz(0),
12-15 Sun,22:54,21:02,21:17,21:02,1.0510700,1.0484700,1.0491500,1.0484700,False,True,kz(0),
12-16 Mon,18:00,17:39,20:51,19:48,1.0522600,1.0505800,1.0515500,1.0506600,False,False,,
12-17 Tue,17:42,19:49,21:20,19:49,1.0504100,1.0485100,1.0493500,1.0485100,False,True,kz(0),
12-18 Wed,17:45,19:18,20:07,21:05,1.0492400,1.0343900,1.0375800,1.0347199,False,False,,
12-19 Thu,18:04,17:05,19:48,21:00,1.0377200,1.0355200,1.0369101,1.0359900,False,False,,
12-20 Fri,18:51,20:38,19:30,20:38,1.0447400,1.0421900,1.0444000,1.0421900,False,True,kz(1),
12-22 Sun,21:38,21:09,21:28,21:09,1.0445100,1.0427901,1.0436800,1.0427901,False,True,kz(0),
12-23 Mon,19:02,17:00,19:55,21:00,1.0414100,1.0397600,1.0408500,1.0403000,False,False,,
12-24 Tue,20:12,21:04,20:12,21:04,1.0403100,1.0386000,1.0403100,1.0386000,True,True,kz(1),high_takeout
12-25 Wed,21:24,22:00,21:24,21:04,1.0405500,1.0395100,1.0405500,1.0399600,True,False,kz(0),
12-26 Thu,17:36,17:00,21:25,21:04,1.0430100,1.0411700,1.0423400,1.0414600,False,False,,
12-27 Fri,18:55,17:00,19:41,20:38,1.0430300,1.0420700,1.0427200,1.0421600,False,False,,
12-29 Sun,22:08,21:00,21:12,21:00,1.0434600,1.0424700,1.0430900,1.0424700,False,True,kz(0),
12-30 Mon,21:00,17:02,21:00,20:01,1.0407100,1.0393699,1.0407100,1.0398200,True,False,kz(0),
12-31 Tue,18:16,17:14,19:30,20:58,1.0364600,1.0345401,1.0361300,1.0352900,False,False,,
