day,kz_high,kz_low,high_in_kz,low_in_kz,cur_tail_max_hi,cur_tail_min_lo,next_head_max_hi,next_head_min_lo,took_high,took_low,early_takeout,early_bias
2024-01-02,1.0948599576950073,1.09375,False,True,1.0965399742126465,1.0898000001907349,1.0927499532699585,1.0892900228500366,False,True,True,
2024-01-03,1.092360019683838,1.0916500091552734,False,False,1.0972100496292114,1.091599941253662,1.095579981803894,1.0943000316619873,False,False,False,
2024-01-04,1.0950000286102295,1.0943000316619873,False,True,1.0998400449752808,1.0876699686050415,1.0959700345993042,1.0935200452804565,False,True,True,
2024-01-07,1.0944600105285645,1.0937600135803223,False,False,1.0978800058364868,1.0922600030899048,1.096560001373291,1.0948799848556519,False,False,False,
2024-01-08,1.0956799983978271,1.094939947128296,False,False,1.0966299772262573,1.0910300016403198,1.093999981880188,1.0920000076293945,False,False,False,
2024-01-09,1.0931400060653687,1.0924999713897705,False,False,1.0968999862670898,1.0922800302505493,1.0984699726104736,1.0959299802780151,False,False,False,
2024-01-10,1.0972900390625,1.0961500406265259,False,False,1.100000023841858,1.093019962310791,1.0985300540924072,1.094980001449585,False,False,False,
2024-01-11,1.0975099802017212,1.095810055732727,False,False,1.098680019378662,1.0935900211334229,1.0963300466537476,1.0948100090026855,False,False,False,
2024-01-14,1.0949599742889404,1.09443998336792,False,False,1.096750020980835,1.0933500528335571,1.0952800512313843,1.091539978981018,False,False,False,
2024-01-15,1.095170021057129,1.094539999961853,False,False,1.0951000452041626,1.0861999988555908,1.08843994140625,1.0862799882888794,False,False,False,
2024-01-16,1.0872399806976318,1.0870000123977661,False,False,1.08843994140625,1.0844500064849854,1.0902800559997559,1.0856499671936035,False,False,False,
2024-01-17,1.0882699489593506,1.087280035018921,False,False,1.0906699895858765,1.0846600532531738,1.08896005153656,1.08542001247406,False,False,False,
2024-01-18,1.087730050086975,1.0863699913024902,False,False,1.0893299579620361,1.0865600109100342,1.0898300409317017,1.0885900259017944,False,False,False,
2024-01-21,1.0895899534225464,1.0888700485229492,False,False,1.090939998626709,1.0880000591278076,1.0896300077438354,1.0875600576400757,False,False,False,
2024-01-22,1.0885200500488281,1.0880000591278076,False,False,1.0916199684143066,1.0821499824523926,1.0859899520874023,1.0830199718475342,False,False,False,
2024-01-23,1.0855900049209595,1.0843700170516968,False,False,1.0932300090789795,1.0849000215530396,1.0906000137329102,1.0870200395584106,False,False,False,
2024-01-24,1.0886499881744385,1.0877599716186523,False,True,1.0901800394058228,1.082419991493225,1.084879994392395,1.0821599960327148,False,True,True,
2024-01-25,1.0847899913787842,1.083359956741333,True,False,1.088539958000183,1.081279993057251,1.0865800380706787,1.0850199460983276,True,False,True,
2024-01-28,1.0848400592803955,1.0841399431228638,False,True,1.0850000381469727,1.0795799493789673,1.084220051765442,1.0809199810028076,False,True,True,
2024-01-29,1.08378005027771,1.082669973373413,False,False,1.085729956626892,1.0811899900436401,1.0848499536514282,1.0816199779510498,False,False,False,
2024-01-30,1.0846999883651733,1.0839899778366089,False,False,1.0887399911880493,1.0806000232696533,1.0864200592041016,1.0794899463653564,False,False,False,
2024-01-31,1.0819400548934937,1.0794899463653564,False,True,1.0874700546264648,1.0779900550842285,1.0879600048065186,1.0862900018692017,False,True,True,
2024-02-01,1.0873500108718872,1.0866800546646118,False,False,1.0897400379180908,1.0780800580978394,1.079740047454834,1.0780400037765503,False,False,False,
2024-02-04,1.078570008277893,1.0781400203704834,False,False,1.0786099433898926,1.072309970855713,1.0749000310897827,1.0736700296401978,False,False,False,
2024-02-05,1.0743999481201172,1.0738799571990967,False,False,1.0762300491333008,1.0722500085830688,1.0765600204467773,1.0743499994277954,False,False,False,
2024-02-06,1.0757399797439575,1.0749200582504272,True,False,1.0783799886703491,1.0752899646759033,1.078320026397705,1.076449990272522,True,False,True,
2024-02-07,1.0774799585342407,1.0767899751663208,False,False,1.0788899660110474,1.0741599798202515,1.0782699584960938,1.0772199630737305,False,False,False,
2024-02-08,1.0779900550842285,1.0773999691009521,False,False,1.079509973526001,1.0762100219726562,1.0790799856185913,1.077970027923584,False,False,False,
2024-02-11,1.0783499479293823,1.0776599645614624,False,True,1.080549955368042,1.0755900144577026,1.0786000490188599,1.0762100219726562,False,True,True,
2024-02-12,1.0774999856948853,1.0769699811935425,False,False,1.0798499584197998,1.0700600147247314,1.0720100402832031,1.0700500011444092,False,False,False,
2024-02-13,1.0711599588394165,1.0706000328063965,False,False,1.0734399557113647,1.0694899559020996,1.0735399723052979,1.0724600553512573,False,False,False,
2024-02-14,1.0728800296783447,1.0724600553512573,False,True,1.07846999168396,1.0724600553512573,1.077679991722107,1.0759899616241455,False,False,False,
2024-02-15,1.0773799419403076,1.076799988746643,False,False,1.0779999494552612,1.0731899738311768,1.0787400007247925,1.0772900581359863,False,False,False,
2024-02-18,1.077679991722107,1.077180027961731,False,True,1.0789400339126587,1.0762100219726562,1.0783599615097046,1.0761499404907227,False,True,True,
2024-02-19,1.0782300233840942,1.0776599645614624,False,False,1.0838700532913208,1.0761499404907227,1.081719994544983,1.080430030822754,False,False,False,
2024-02-20,1.0812599658966064,1.0805599689483643,False,False,1.0819900035858154,1.0789899826049805,1.0832099914550781,1.079990029335022,False,False,False,
2024-02-21,1.0820900201797485,1.0812900066375732,False,False,1.088819980621338,1.0802600383758545,1.0831799507141113,1.0814399719238281,False,False,False,
2024-02-22,1.082360029220581,1.0818500518798828,False,False,1.0839500427246094,1.0811699628829956,1.0829600095748901,1.0817400217056274,False,False,False,
2024-02-25,1.0832200050354004,1.081820011138916,True,True,1.0859700441360474,1.0812599658966064,1.0853400230407715,1.0839699506759644,True,True,False,low_takeout
2024-02-26,1.0852500200271606,1.084689974784851,False,False,1.086590051651001,1.083299994468689,1.085669994354248,1.083709955215454,False,False,False,
2024-02-27,1.0847500562667847,1.0843299627304077,False,False,1.0846500396728516,1.0796600580215454,1.0840400457382202,1.082800030708313,False,False,False,
2024-02-28,1.0839799642562866,1.0834100246429443,False,False,1.0855799913406372,1.0795799493789673,1.0821800231933594,1.0798300504684448,False,False,False,
2024-02-29,1.0809500217437744,1.0799800157546997,False,False,1.0841599702835083,1.0798100233078003,1.0843199491500854,1.083150029182434,False,False,False,
2024-03-03,1.0839699506759644,1.0835000276565552,False,True,1.0866700410842896,1.0837299823760986,1.0860600471496582,1.0847500562667847,False,False,False,
2024-03-04,1.0859400033950806,1.085260033607483,False,True,1.0875999927520752,1.084030032157898,1.0859899520874023,1.0842100381851196,False,True,True,
2024-03-05,1.0858900547027588,1.0851199626922607,False,False,1.0915299654006958,1.0842100381851196,1.0907700061798096,1.0892800092697144,False,False,False,
2024-03-06,1.090109944343567,1.0892800092697144,False,True,1.0942000150680542,1.0867799520492554,1.0955599546432495,1.093649983406067,False,True,True,
2024-03-07,1.0949100255966187,1.0942599773406982,False,False,1.0981199741363525,1.0918300151824951,1.0943800210952759,1.0933400392532349,False,False,False,
2024-03-10,1.0941100120544434,1.0935900211334229,False,True,1.0947999954223633,1.0914499759674072,1.0936299562454224,1.0918200016021729,False,True,True,
2024-03-11,1.092710018157959,1.0919500589370728,False,False,1.0943800210952759,1.0902299880981445,1.0929499864578247,1.0918500423431396,False,False,False,
2024-03-12,1.0927599668502808,1.092519998550415,False,False,1.0963799953460693,1.0920100212097168,1.0958399772644043,1.0943000316619873,False,False,False,
2024-03-13,1.0952199697494507,1.0946999788284302,False,False,1.0954699516296387,1.0880999565124512,1.0891799926757812,1.0872999429702759,False,False,False,
2024-03-14,1.088610053062439,1.088170051574707,False,False,1.089959979057312,1.0872999429702759,1.0891300439834595,1.0883599519729614,False,False,False,
2024-03-17,1.089110016822815,1.088189959526062,True,False,1.0906100273132324,1.086609959602356,1.0874600410461426,1.0866700410842896,True,False,True,
2024-03-18,1.087380051612854,1.0869699716567993,False,False,1.087649941444397,1.0834699869155884,1.0869300365447998,1.085819959640503,False,False,False,
2024-03-19,1.0866999626159668,1.0861899852752686,True,False,1.0872000455856323,1.0836399793624878,1.0938899517059326,1.0863900184631348,True,False,True,
2024-03-20,1.0930800437927246,1.091789960861206,False,False,1.0942599773406982,1.0855599641799927,1.0867899656295776,1.0838799476623535,False,False,False,
2024-03-21,1.0861999988555908,1.0857199430465698,False,False,1.0867899656295776,1.080489993095398,1.0809600353240967,1.0801700353622437,False,False,False,
2024-03-24,1.0810400247573853,1.0804599523544312,True,True,1.0842399597167969,1.0802099704742432,1.0845400094985962,1.0834699869155884,True,True,False,low_takeout
2024-03-25,1.0839200019836426,1.0834699869155884,False,True,1.0864299535751343,1.082419991493225,1.083490014076233,1.0820499658584595,False,True,True,
2024-03-26,1.0833100080490112,1.0829800367355347,False,False,1.083899974822998,1.0810799598693848,1.082900047302246,1.0808000564575195,False,False,False,
2024-03-27,1.0828499794006348,1.0812400579452515,False,False,1.0826499462127686,1.0775099992752075,1.0798499584197998,1.0773600339889526,False,False,False,
2024-03-28,1.0793499946594238,1.0784900188446045,False,False,1.0805100202560425,1.0767799615859985,1.079509973526001,1.078760027885437,False,False,False,
2024-03-31,1.0793499946594238,1.0784800052642822,False,True,1.0798699855804443,1.0730899572372437,1.0744600296020508,1.0730199813842773,False,True,True,
2024-04-01,1.0744600296020508,1.073740005493164,True,False,1.0779000520706177,1.0724600553512573,1.0773500204086304,1.07600998878479,True,False,True,
2024-04-02,1.0771900415420532,1.07600998878479,False,True,1.0836199522018433,1.0764000415802002,1.0843900442123413,1.082550048828125,False,False,False,
2024-04-03,1.0836600065231323,1.0829299688339233,False,False,1.087649941444397,1.083299994468689,1.0861799716949463,1.0824999809265137,False,False,False,
2024-04-04,1.0841200351715088,1.0831700563430786,False,True,1.0847899913787842,1.0791300535202026,1.0838799476623535,1.0830600261688232,False,True,True,
2024-04-07,1.0837899446487427,1.0834699869155884,True,False,1.0858900547027588,1.0820800065994263,1.0863499641418457,1.084939956665039,True,False,True,
2024-04-08,1.0861899852752686,1.085279941558838,False,False,1.0885000228881836,1.0849000215530396,1.0859700441360474,1.0847699642181396,False,False,False,
2024-04-09,1.0859099626541138,1.0853999853134155,False,False,1.086650013923645,1.0728800296783447,1.0754200220108032,1.0729000568389893,False,False,False,
2024-04-10,1.0745600461959839,1.0740000009536743,False,False,1.0756399631500244,1.0699199438095093,1.073449969291687,1.0715199708938599,False,False,False,
2024-04-11,1.073199987411499,1.0725200176239014,False,False,1.0729299783706665,1.0622600317001343,1.0650500059127808,1.0637099742889404,False,False,False,
2024-04-14,1.0637999773025513,1.0630899667739868,False,True,1.0665099620819092,1.0621800422668457,1.0639400482177734,1.0606900453567505,False,True,True,
2024-04-15,1.0627199411392212,1.0620900392532349,False,False,1.06535005569458,1.060230016708374,1.0635000467300415,1.0600999593734741,False,False,False,
2024-04-16,1.0626300573349,1.06141996383667,False,False,1.0656299591064453,1.0606000423431396,1.0679600238800049,1.0647900104522705,False,False,False,
2024-04-17,1.0673600435256958,1.06659996509552,False,False,1.069000005722046,1.0646400451660156,1.0654799938201904,1.0613499879837036,False,False,False,
2024-04-18,1.0646799802780151,1.0641299486160278,False,False,1.0677499771118164,1.0610400438308716,1.0658400058746338,1.064650058746338,False,False,False,
2024-04-21,1.0661200284957886,1.064560055732727,False,True,1.0670599937438965,1.0623899698257446,1.0660699605941772,1.064810037612915,False,True,True,
2024-04-22,1.0655200481414795,1.0650399923324585,False,False,1.071120023727417,1.0638500452041626,1.0714199542999268,1.0699299573898315,False,False,False,
2024-04-23,1.0704900026321411,1.0700000524520874,False,False,1.0714199542999268,1.0677900314331055,1.070870041847229,1.0686899423599243,False,False,False,
2024-04-24,1.070639967918396,1.0692800283432007,False,False,1.0740200281143188,1.067829966545105,1.0738699436187744,1.0722700357437134,False,False,False,
2024-04-25,1.0734100341796875,1.0727100372314453,False,False,1.0752700567245483,1.0673799514770508,1.0707199573516846,1.0690799951553345,False,False,False,
2024-04-28,1.0694299936294556,1.0689799785614014,False,True,1.0733699798583984,1.0690200328826904,1.072950005531311,1.0706900358200073,False,False,False,
2024-04-29,1.0722999572753906,1.0716700553894043,False,False,1.0735299587249756,1.0675899982452393,1.0682899951934814,1.0657999515533447,False,False,False,
2024-04-30,1.067710041999817,1.066349983215332,False,True,1.0691299438476562,1.0649399757385254,1.073259949684143,1.0670700073242188,False,True,True,
2024-05-01,1.0722899436950684,1.0686700344085693,False,False,1.0728100538253784,1.0674200057983398,1.073930025100708,1.0713900327682495,False,False,False,
2024-05-02,1.0727800130844116,1.0723299980163574,False,False,1.0812400579452515,1.0722700357437134,1.076930046081543,1.0759199857711792,False,False,False,
2024-05-05,1.0763200521469116,1.0759999752044678,False,True,1.079069972038269,1.0755300521850586,1.077679991722107,1.0764100551605225,False,True,True,
2024-05-06,1.0770900249481201,1.0765600204467773,False,True,1.0787299871444702,1.0754200220108032,1.0770599842071533,1.0740200281143188,False,True,True,
2024-05-07,1.075760006904602,1.0752400159835815,False,False,1.0757399797439575,1.0735000371932983,1.0750499963760376,1.0740900039672852,False,False,False,
2024-05-08,1.0748800039291382,1.0743099451065063,False,False,1.0781699419021606,1.0723899602890015,1.0785800218582153,1.0773600339889526,False,False,False,
2024-05-09,1.0784399509429932,1.0780500173568726,False,False,1.0789999961853027,1.0760300159454346,1.0777299404144287,1.0768400430679321,False,False,False,
2024-05-12,1.0772199630737305,1.0769100189208984,False,False,1.080680012702942,1.0765800476074219,1.079390048980713,1.0784300565719604,False,False,False,
2024-05-13,1.0789899826049805,1.0785900354385376,False,True,1.0825599431991577,1.0766899585723877,1.0822999477386475,1.0813000202178955,False,True,True,
2024-05-14,1.082170009613037,1.0816199779510498,False,False,1.087440013885498,1.0813000202178955,1.0894900560379028,1.0871599912643433,False,False,False,
2024-05-15,1.0886000394821167,1.087839961051941,False,False,1.0894900560379028,1.0854400396347046,1.0875400304794312,1.0857199430465698,False,False,False,
2024-05-16,1.0868899822235107,1.086459994316101,False,False,1.087839961051941,1.0835599899291992,1.0876799821853638,1.0867400169372559,False,False,False,
2024-05-19,1.0867300033569336,1.086400032043457,False,True,1.08843994140625,1.0853999853134155,1.0870599746704102,1.0855300426483154,False,True,True,
2024-05-20,1.086300015449524,1.0855799913406372,False,False,1.0874700546264648,1.0842499732971191,1.0861599445343018,1.084630012512207,False,False,False,
2024-05-21,1.0856399536132812,1.0853099822998047,False,False,1.0863300561904907,1.0821900367736816,1.084689974784851,1.0817400217056274,False,False,False,
2024-05-22,1.0824300050735474,1.08187997341156,False,False,1.0860999822616577,1.0812400579452515,1.0820000171661377,1.0804799795150757,False,False,False,
2024-05-23,1.0815800428390503,1.0807199478149414,False,False,1.0857800245285034,1.0805399417877197,1.0853300094604492,1.0844199657440186,False,False,False,
2024-05-26,1.084529995918274,1.0843000411987305,False,True,1.0867400169372559,1.0840500593185425,1.0873500108718872,1.0852099657058716,False,True,True,
2024-05-27,1.086069941520691,1.0852099657058716,True,True,1.0888999700546265,1.0854500532150269,1.0875699520111084,1.0847699642181396,True,True,False,high_takeout
2024-05-28,1.0861899852752686,1.0855900049209595,False,False,1.0860400199890137,1.0807299613952637,1.0815900564193726,1.0795199871063232,False,False,False,
2024-05-29,1.080399990081787,1.079990029335022,False,True,1.0845099687576294,1.0788300037384033,1.0843299627304077,1.08201003074646,False,True,True,
2024-05-30,1.0835299491882324,1.0826799869537354,False,True,1.0882200002670288,1.0811200141906738,1.085260033607483,1.0840500593185425,False,True,True,
2024-06-02,1.084920048713684,1.084529995918274,False,True,1.0890400409698486,1.0827800035476685,1.091599941253662,1.088129997253418,False,True,True,
2024-06-03,1.0904500484466553,1.0895999670028687,False,False,1.091599941253662,1.0858999490737915,1.0887700319290161,1.0877799987792969,False,False,False,
2024-06-04,1.0882500410079956,1.0878100395202637,False,False,1.0891499519348145,1.0854400396347046,1.0894299745559692,1.086050033569336,False,False,False,
2024-06-05,1.087649941444397,1.0867899656295776,False,False,1.0901999473571777,1.0861899852752686,1.0895700454711914,1.0880999565124512,False,False,False,
2024-06-06,1.0893100500106812,1.088729977607727,False,False,1.0901800394058228,1.0803200006484985,1.0807100534439087,1.0799299478530884,False,False,False,
2024-06-09,1.0778900384902954,1.0764399766921997,True,True,1.0781400203704834,1.0732699632644653,1.0768100023269653,1.0750399827957153,True,True,False,high_takeout
2024-06-10,1.076640009880066,1.0759400129318237,False,False,1.077340006828308,1.0719399452209473,1.07492995262146,1.0734599828720093,False,False,False,
2024-06-11,1.0746400356292725,1.0738999843597412,False,False,1.0852099657058716,1.0734599828720093,1.0845799446105957,1.0803600549697876,False,False,False,
2024-06-12,1.0811899900436401,1.0803600549697876,False,True,1.081629991531372,1.0732799768447876,1.0743999481201172,1.073349952697754,False,True,True,
2024-06-13,1.0743199586868286,1.073349952697754,False,True,1.074489951133728,1.0667599439620972,1.0707499980926514,1.0694500207901,False,True,True,
2024-06-16,1.0708400011062622,1.0702799558639526,False,False,1.0727699995040894,1.0686299800872803,1.0741000175476074,1.0723299980163574,False,False,False,
2024-06-17,1.0735900402069092,1.0730400085449219,False,False,1.0761499404907227,1.070989966392517,1.0743299722671509,1.0732100009918213,False,False,False,
2024-06-18,1.074079990386963,1.0735900402069092,False,False,1.0753300189971924,1.0724799633026123,1.074869990348816,1.074120044708252,False,False,False,
2024-06-19,1.0745600461959839,1.074120044708252,False,True,1.074869990348816,1.070330023765564,1.0717699527740479,1.0701199769973755,False,True,True,
2024-06-20,1.0708400011062622,1.0701199769973755,False,True,1.0720499753952026,1.0671000480651855,1.0696799755096436,1.0690699815750122,False,True,True,
2024-06-23,1.0692299604415894,1.0684900283813477,False,True,1.0746300220489502,1.06836998462677,1.0738199949264526,1.0721999406814575,False,True,True,
2024-06-24,1.0738199949264526,1.0731300115585327,True,False,1.0744099617004395,1.06905996799469,1.0717500448226929,1.0704400539398193,True,False,True,
2024-06-25,1.0717500448226929,1.0707199573516846,True,False,1.0717899799346924,1.06659996509552,1.0690799951553345,1.0674999952316284,True,False,True,
2024-06-26,1.0681500434875488,1.0675100088119507,False,False,1.0726399421691895,1.0677000284194946,1.071079969406128,1.068519949913025,False,False,False,
2024-06-27,1.0705300569534302,1.0701199769973755,False,True,1.0722099542617798,1.068519949913025,1.0724600553512573,1.0706100463867188,False,True,True,
2024-06-30,1.0745500326156616,1.0736199617385864,True,False,1.0776300430297852,1.071969985961914,1.0742599964141846,1.0724200010299683,True,False,True,
2024-07-01,1.0742599964141846,1.0734699964523315,True,False,1.0746899843215942,1.0709999799728394,1.0754200220108032,1.0731600522994995,True,False,True,
2024-07-02,1.0747100114822388,1.074079990386963,False,False,1.0816800594329834,1.0736299753189087,1.0795799493789673,1.0778100490570068,False,False,False,
2024-07-03,1.0788600444793701,1.0783300399780273,False,False,1.081380009651184,1.0783599615097046,1.0817999839782715,1.0809299945831299,False,False,False,
2024-07-04,1.0813699960708618,1.0809999704360962,False,True,1.0842299461364746,1.0799299478530884,1.0842599868774414,1.0824799537658691,False,True,True,
2024-07-07,1.0822499990463257,1.0799800157546997,False,True,1.0844999551773071,1.0811599493026733,1.083359956741333,1.0822299718856812,False,False,False,
2024-07-08,1.08256995677948,1.082260012626648,False,False,1.0833300352096558,1.0805399417877197,1.0816600322723389,1.080649971961975,False,False,False,
2024-07-09,1.0816500186920166,1.0812400579452515,True,False,1.0828800201416016,1.0810799598693848,1.0839999914169312,1.0817300081253052,True,False,True,
2024-07-10,1.083050012588501,1.0825200080871582,False,False,1.0899900197982788,1.0827800035476685,1.087440013885498,1.0859700441360474,False,False,False,
2024-07-11,1.0867899656295776,1.0861400365829468,False,False,1.0910899639129639,1.086169958114624,1.091130018234253,1.0901000499725342,False,False,False,
2024-07-14,1.0894399881362915,1.0881799459457397,False,True,1.0922199487686157,1.088320016860962,1.090630054473877,1.0890100002288818,False,False,False,
2024-07-15,1.0899200439453125,1.0893499851226807,False,False,1.0905400514602661,1.087149977684021,1.0902899503707886,1.0887600183486938,False,False,False,
2024-07-16,1.0902899503707886,1.0896899700164795,True,False,1.0947999954223633,1.0894999504089355,1.094099998474121,1.092829942703247,True,False,True,
2024-07-17,1.0940099954605103,1.0934699773788452,True,False,1.094099998474121,1.090499997138977,1.0916399955749512,1.088629961013794,True,False,True,
2024-07-18,1.0899699926376343,1.0895099639892578,False,False,1.0901700258255005,1.0876100063323975,1.088539958000183,1.0875600576400757,False,False,False,
2024-07-21,1.0886399745941162,1.088070034980774,False,True,1.0902700424194336,1.0872999429702759,1.0893900394439697,1.0885800123214722,False,True,True,
2024-07-22,1.0893299579620361,1.0885800123214722,True,True,1.089669942855835,1.084380030632019,1.0856399536132812,1.0845600366592407,True,True,False,high_takeout
2024-07-23,1.0856300592422485,1.084920048713684,False,False,1.0866400003433228,1.0825599431991577,1.0854899883270264,1.083490014076233,False,False,False,
2024-07-24,1.0842499732971191,1.0837299823760986,False,False,1.086459994316101,1.0828200578689575,1.0869899988174438,1.08433997631073,False,False,False,
2024-07-25,1.0853300094604492,1.08433997631073,False,True,1.0868099927902222,1.0842000246047974,1.0865399837493896,1.0854699611663818,False,True,True,
2024-07-28,1.085860013961792,1.085479974746704,False,False,1.0870000123977661,1.0802799463272095,1.0825899839401245,1.0814199447631836,False,False,False,
2024-07-29,1.082550048828125,1.081969976425171,False,False,1.0835599899291992,1.0798200368881226,1.0824300050735474,1.0808500051498413,False,False,False,
2024-07-30,1.0815399885177612,1.0808500051498413,False,True,1.0849299430847168,1.0804200172424316,1.083359956741333,1.0801899433135986,False,True,True,
2024-07-31,1.0831300020217896,1.0816899538040161,False,False,1.0835399627685547,1.077739953994751,1.0795400142669678,1.078179955482483,False,False,False,
2024-08-01,1.0795400142669678,1.0786399841308594,True,False,1.092650055885315,1.078179955482483,1.0916600227355957,1.0907100439071655,True,False,True,
2024-08-04,1.0923399925231934,1.0917500257492065,True,False,1.1008800268173218,1.089229941368103,1.0964299440383911,1.0943700075149536,True,False,True,
2024-08-05,1.096019983291626,1.0946199893951416,False,True,1.096310019493103,1.0903700590133667,1.0933500528335571,1.0910899639129639,False,True,True,
2024-08-06,1.093209981918335,1.0924400091171265,False,False,1.0936599969863892,1.0905300378799438,1.0933799743652344,1.091729998588562,False,False,False,
2024-08-07,1.0926599502563477,1.091729998588562,False,True,1.0945099592208862,1.0881400108337402,1.0919300317764282,1.0907399654388428,False,True,True,
2024-08-08,1.0918999910354614,1.090999960899353,True,False,1.0931299924850464,1.09089994430542,1.0923399925231934,1.091480016708374,True,False,True,
2024-08-11,1.0918500423431396,1.09142005443573,False,False,1.0939300060272217,1.090999960899353,1.0936299562454224,1.092210054397583,False,False,False,
2024-08-12,1.0933400392532349,1.0924899578094482,False,False,1.097390055656433,1.0913699865341187,1.0999599695205688,1.0969699621200562,False,False,False,
2024-08-13,1.0998899936676025,1.097540020942688,False,False,1.1047300100326538,1.0986299514770508,1.1018400192260742,1.1002999544143677,False,False,False,
2024-08-14,1.1015299558639526,1.1010799407958984,False,False,1.101539969444275,1.0949499607086182,1.0981299877166748,1.0970300436019897,False,False,False,
2024-08-15,1.0976300239562988,1.0970300436019897,False,True,1.1004400253295898,1.0970799922943115,1.1029599905014038,1.1003600358963013,False,False,False,
2024-08-18,1.1027599573135376,1.1023199558258057,False,False,1.10739004611969,1.1022700071334839,1.1087499856948853,1.1070300340652466,False,False,False,
2024-08-19,1.1086299419403076,1.1080399751663208,False,False,1.1119099855422974,1.1071900129318237,1.1132500171661377,1.1108800172805786,False,False,False,
2024-08-20,1.1130399703979492,1.1123600006103516,True,False,1.1148099899291992,1.1099200248718262,1.117400050163269,1.114240050315857,True,False,True,
2024-08-21,1.1155099868774414,1.1146999597549438,False,False,1.1164599657058716,1.1097999811172485,1.112820029258728,1.1098699569702148,False,False,False,
2024-08-22,1.1113100051879883,1.1104600429534912,False,False,1.1196000576019287,1.110550045967102,1.1200799942016602,1.117300033569336,False,False,False,
2024-08-25,1.119480013847351,1.1185400485992432,True,True,1.1201499700546265,1.1150000095367432,1.1175299882888794,1.1157499551773071,True,True,False,high_takeout
2024-08-26,1.1162899732589722,1.1157499551773071,False,True,1.117859959602356,1.1150100231170654,1.1190500259399414,1.1164300441741943,False,True,True,
2024-08-27,1.1185799837112427,1.117840051651001,False,False,1.1184899806976318,1.1104999780654907,1.113379955291748,1.1105300188064575,False,False,False,
2024-08-28,1.111989974975586,1.1112300157546997,False,False,1.1139899492263794,1.1055599451065063,1.1085400581359863,1.1071399450302124,False,False,False,
2024-08-29,1.1080299615859985,1.1074299812316895,False,True,1.1095000505447388,1.1043800115585327,1.1056599617004395,1.1045299768447876,False,True,True,
2024-09-01,1.1049400568008423,1.1046199798583984,False,False,1.1077300310134888,1.1041899919509888,1.1072700023651123,1.1058900356292725,False,False,False,
2024-09-02,1.1072700023651123,1.1061300039291382,True,True,1.1072700023651123,1.1032999753952026,1.1056100130081177,1.1026300191879272,False,True,False,low_takeout
2024-09-03,1.1044199466705322,1.1036299467086792,False,False,1.1095099449157715,1.1038999557495117,1.1086299419403076,1.106529951095581,False,False,False,
2024-09-04,1.1083600521087646,1.107550024986267,False,False,1.1119699478149414,1.1074600219726562,1.111449956893921,1.1099400520324707,False,False,False,
2024-09-05,1.1111199855804443,1.1102700233459473,False,False,1.1155600547790527,1.1065599918365479,1.1089500188827515,1.106950044631958,False,False,False,
2024-09-08,1.1083799600601196,1.1078100204467773,False,True,1.1090999841690063,1.1033999919891357,1.1053600311279297,1.1028300523757935,False,True,True,
2024-09-09,1.1040199995040894,1.103309988975525,False,True,1.1049599647521973,1.1015100479125977,1.104009985923767,1.1016600131988525,False,True,True,
2024-09-10,1.1027599573135376,1.1018199920654297,False,True,1.10548996925354,1.1001900434494019,1.1026500463485718,1.1005899906158447,False,True,True,
2024-09-11,1.1024399995803833,1.101040005683899,False,True,1.1047899723052979,1.1005500555038452,1.1088900566101074,1.1042499542236328,False,True,True,
2024-09-12,1.1074999570846558,1.1065499782562256,True,False,1.1101700067520142,1.1070300340652466,1.1085799932479858,1.1072100400924683,True,False,True,
2024-09-15,1.1077699661254883,1.1074700355529785,False,False,1.1137399673461914,1.1074299812316895,1.113319993019104,1.1116000413894653,False,False,False,
2024-09-16,1.113319993019104,1.1121200323104858,True,False,1.114609956741333,1.1111700534820557,1.113029956817627,1.1110899448394775,True,False,True,
2024-09-17,1.1118600368499756,1.111240029335022,False,False,1.1139800548553467,1.1108200550079346,1.1189099550247192,1.1068300008773804,False,False,False,
2024-09-18,1.1132500171661377,1.109660029411316,False,True,1.1178699731826782,1.1068300008773804,1.1167800426483154,1.1152399778366089,False,True,True,
2024-09-19,1.116420030593872,1.115880012512207,False,False,1.1181800365447998,1.1136000156402588,1.117419958114624,1.1156100034713745,False,False,False,
2024-09-22,1.1164699792861938,1.1158000230789185,True,True,1.1167199611663818,1.1083099842071533,1.1128400564193726,1.1104300022125244,True,True,False,low_takeout
2024-09-23,1.1117600202560425,1.1109700202941895,False,True,1.1163500547409058,1.1103299856185913,1.1193900108337402,1.1154600381851196,False,True,True,
2024-09-24,1.118090033531189,1.117210030555725,False,False,1.121399998664856,1.1132899522781372,1.114109992980957,1.112149953842163,False,False,False,
2024-09-25,1.1132700443267822,1.1124900579452515,False,False,1.1189299821853638,1.11257004737854,1.1184099912643433,1.1162400245666504,False,False,False,
2024-09-26,1.118109941482544,1.1173900365829468,False,False,1.120300054550171,1.1124800443649292,1.1167800426483154,1.11503005027771,False,False,False,
2024-09-29,1.116029977798462,1.1152600049972534,False,True,1.1208900213241577,1.1134999990463257,1.1162899732589722,1.11135995388031,False,True,True,
2024-09-30,1.1136499643325806,1.1124800443649292,False,False,1.1143900156021118,1.1048200130462646,1.1077300310134888,1.104580044746399,False,False,False,
2024-10-01,1.1077300310134888,1.1065599918365479,True,False,1.1082799434661865,1.1032500267028809,1.105329990386963,1.1035100221633911,True,False,True,
2024-10-02,1.105329990386963,1.1039899587631226,True,False,1.1049000024795532,1.1008199453353882,1.103950023651123,1.102489948272705,False,False,False,
2024-10-03,1.1032999753952026,1.1025999784469604,False,False,1.103950023651123,1.0951199531555176,1.0977699756622314,1.095770001411438,False,False,False,
2024-10-06,1.096809983253479,1.0961999893188477,False,True,1.098479986190796,1.095420002937317,1.098680019378662,1.0965700149536133,False,True,True,
2024-10-07,1.097540020942688,1.096809983253479,False,False,1.0997099876403809,1.09607994556427,1.0980900526046753,1.0965700149536133,False,False,False,
2024-10-08,1.0980600118637085,1.0970900058746338,False,False,1.0980900526046753,1.0939600467681885,1.0945899486541748,1.0936199426651,False,False,False,
2024-10-09,1.0940799713134766,1.0936599969863892,False,False,1.095479965209961,1.0902999639511108,1.093790054321289,1.090000033378601,False,False,False,
2024-10-10,1.0937600135803223,1.0911600589752197,True,False,1.0953700542449951,1.0925999879837036,1.0947400331497192,1.0932400226593018,True,False,True,
2024-10-13,1.0932999849319458,1.0930700302124023,False,False,1.0936599969863892,1.0900800228118896,1.0910300016403198,1.0888099670410156,False,False,False,
2024-10-14,1.0909299850463867,1.0902099609375,False,False,1.091670036315918,1.0884900093078613,1.089269995689392,1.088189959526062,False,False,False,
2024-10-15,1.089229941368103,1.08856999874115,False,False,1.0901399850845337,1.086609959602356,1.087049961090088,1.085319995880127,False,False,False,
2024-10-16,1.087049961090088,1.0854899883270264,True,False,1.0873700380325317,1.0810999870300293,1.0836199522018433,1.0821000337600708,True,False,True,
2024-10-17,1.0832200050354004,1.0825899839401245,False,False,1.0868200063705444,1.0825200080871582,1.086940050125122,1.0859099626541138,False,False,False,
2024-10-20,1.0864900350570679,1.086050033569336,False,True,1.0871700048446655,1.0816999673843384,1.0822999477386475,1.0811100006103516,False,True,True,
2024-10-21,1.081719994544983,1.0811500549316406,False,False,1.083799958229065,1.080090045928955,1.0808700323104858,1.0792200565338135,False,False,False,
2024-10-22,1.0801299810409546,1.079259991645813,False,True,1.0806599855422974,1.0761200189590454,1.0789799690246582,1.0767199993133545,False,True,True,
2024-10-23,1.0786499977111816,1.0779399871826172,True,False,1.081130027770996,1.0770599842071533,1.0829800367355347,1.0810600519180298,True,False,True,
2024-10-24,1.0829800367355347,1.0823500156402588,True,False,1.0839200019836426,1.0802500247955322,1.080649971961975,1.079300045967102,True,False,True,
2024-10-27,1.0796200037002563,1.078660011291504,False,True,1.082759976387024,1.0781899690628052,1.0819200277328491,1.080989956855774,False,True,True,
2024-10-28,1.0815800428390503,1.0811400413513184,False,False,1.0826300382614136,1.0768799781799316,1.0825899839401245,1.080299973487854,False,False,False,
2024-10-29,1.08187997341156,1.0812100172042847,False,False,1.0868699550628662,1.0807900428771973,1.0871299505233765,1.0844099521636963,False,False,False,
2024-10-30,1.086050033569336,1.085379958152771,False,True,1.0888099670410156,1.0844099521636963,1.0888500213623047,1.0860600471496582,False,True,True,
2024-10-31,1.0885499715805054,1.0880999565124512,False,False,1.0905699729919434,1.083400011062622,1.0845500230789185,1.0831700563430786,False,False,False,
2024-11-03,1.0880000591278076,1.0874899625778198,False,False,1.0914700031280518,1.0869899988174438,1.0889099836349487,1.0872399806976318,False,False,False,
2024-11-04,1.0878700017929077,1.0873899459838867,False,False,1.0930299758911133,1.0872399806976318,1.093690037727356,1.076159954071045,False,False,False,
2024-11-05,1.093000054359436,1.0923500061035156,False,False,1.093690037727356,1.0682400465011597,1.0757999420166016,1.0712900161743164,False,False,False,
2024-11-06,1.0737700462341309,1.0726699829101562,False,False,1.0824700593948364,1.0712900161743164,1.0809400081634521,1.0766899585723877,False,False,False,
2024-11-07,1.080489993095398,1.079300045967102,False,False,1.0804799795150757,1.0686800479888916,1.0721399784088135,1.0699900388717651,False,False,False,
2024-11-10,1.0712800025939941,1.0708600282669067,False,False,1.0727699995040894,1.0628600120544434,1.0663100481033325,1.0641900300979614,False,False,False,
2024-11-11,1.0657800436019897,1.0651400089263916,False,False,1.0663100481033325,1.0595099925994873,1.062940001487732,1.0606499910354614,False,False,False,
2024-11-12,1.0626599788665771,1.0612200498580933,True,False,1.0654000043869019,1.0555599927902222,1.0575799942016602,1.0547300577163696,True,False,True,
2024-11-13,1.0566799640655518,1.0557700395584106,False,False,1.0582499504089355,1.0496000051498413,1.0560499429702759,1.0511900186538696,False,False,False,
2024-11-14,1.0533000230789185,1.0511900186538696,False,True,1.0592999458312988,1.0523099899291992,1.055459976196289,1.0516300201416016,False,False,False,
2024-11-17,1.0534900426864624,1.0528000593185425,False,True,1.0592399835586548,1.0529500246047974,1.0607099533081055,1.058709979057312,False,False,False,
2024-11-18,1.06003999710083,1.058899998664856,False,False,1.0600999593734741,1.0523300170898438,1.0609699487686157,1.0571000576019287,False,False,False,
2024-11-19,1.0597800016403198,1.058590054512024,False,False,1.0609699487686157,1.0506800413131714,1.0550099611282349,1.052549958229065,False,False,False,
2024-11-20,1.0544300079345703,1.0536199808120728,False,False,1.0554800033569336,1.0462199449539185,1.048930048942566,1.0466300249099731,False,False,False,
2024-11-21,1.0482800006866455,1.0471700429916382,False,False,1.0498100519180298,1.0332499742507935,1.0425399541854858,1.0407999753952026,False,False,False,
2024-11-24,1.0481499433517456,1.046180009841919,False,True,1.053030014038086,1.0448999404907227,1.051069974899292,1.0425000190734863,False,True,True,
2024-11-25,1.0503599643707275,1.0487600564956665,False,False,1.0544699430465698,1.0425000190734863,1.0496400594711304,1.0457099676132202,False,False,False,
2024-11-26,1.0490200519561768,1.0471700429916382,False,False,1.0587600469589233,1.0474400520324707,1.057860016822815,1.0547300577163696,False,False,False,
2024-11-27,1.0568300485610962,1.0561800003051758,False,False,1.056920051574707,1.0527499914169312,1.057479977607727,1.0550199747085571,False,False,False,
2024-11-28,1.0556800365447998,1.0550700426101685,False,False,1.0597100257873535,1.0541399717330933,1.0584299564361572,1.0567400455474854,False,False,False,
2024-12-01,1.0573300123214722,1.056589961051941,True,False,1.056939959526062,1.0460699796676636,1.0515799522399902,1.0482300519943237,False,False,False,
2024-12-02,1.0514800548553467,1.0496599674224854,False,False,1.0530699491500854,1.048069953918457,1.0535000562667847,1.0497100353240967,False,False,False,
2024-12-03,1.051169991493225,1.0504499673843384,False,False,1.0543899536132812,1.0472300052642822,1.0538899898529053,1.0504900217056274,False,False,False,
2024-12-04,1.0517300367355347,1.0507800579071045,False,False,1.0589599609375,1.0507700443267822,1.058859944343567,1.0556999444961548,False,False,False,
2024-12-05,1.0588300228118896,1.0580999851226807,False,False,1.062980055809021,1.0544099807739258,1.056939959526062,1.054229974746704,False,False,False,
2024-12-08,1.0561399459838867,1.0554399490356445,False,True,1.059440016746521,1.0532000064849854,1.0567599534988403,1.0545200109481812,False,True,True,
2024-12-09,1.0554900169372559,1.054710030555725,False,True,1.0568000078201294,1.049839973449707,1.0539300441741943,1.050860047340393,False,True,True,
2024-12-10,1.0530500411987305,1.0523600578308105,False,False,1.0539300441741943,1.0480200052261353,1.0508699417114258,1.0481599569320679,False,False,False,
2024-12-11,1.049720048904419,1.0488200187683105,False,False,1.0530799627304077,1.046370029449463,1.0502400398254395,1.0460100173950195,False,False,False,
2024-12-12,1.047260046005249,1.0464099645614624,False,True,1.0524100065231323,1.0453100204467773,1.0504499673843384,1.0489100217819214,False,True,True,
2024-12-15,1.049149990081787,1.0484700202941895,False,True,1.0524699687957764,1.0474499464035034,1.0534299612045288,1.0505800247192383,False,True,True,
2024-12-16,1.051550030708313,1.0506600141525269,False,False,1.0534299612045288,1.0478999614715576,1.0504100322723389,1.048509955406189,False,False,False,
2024-12-17,1.0493500232696533,1.048509955406189,False,True,1.0512700080871582,1.0467100143432617,1.049239993095398,1.0343899726867676,False,True,True,
2024-12-18,1.0375800132751465,1.0347199440002441,False,False,1.0422199964523315,1.0347299575805664,1.037719964981079,1.0355199575424194,False,False,False,
2024-12-19,1.036910057067871,1.0359899997711182,False,False,1.0444799661636353,1.0342899560928345,1.0447399616241455,1.0421899557113647,False,False,False,
2024-12-22,1.04367995262146,1.0427900552749634,False,True,1.0445200204849243,1.0384199619293213,1.041409969329834,1.0396499633789062,False,True,True,
2024-12-23,1.040850043296814,1.0403000116348267,False,False,1.0409799814224243,1.038349986076355,1.041059970855713,1.038599967956543,False,False,False,
2024-12-24,1.040310025215149,1.038599967956543,True,True,1.041059970855713,1.0386099815368652,1.0405499935150146,1.0392999649047852,True,False,False,high_takeout
2024-12-25,1.0405499935150146,1.0399600267410278,True,False,1.0422799587249756,1.0390499830245972,1.0430099964141846,1.0407899618148804,True,False,True,
2024-12-26,1.0423400402069092,1.0414600372314453,False,False,1.0443999767303467,1.0404900312423706,1.043030023574829,1.0420700311660767,False,False,False,
2024-12-29,1.0430899858474731,1.0424699783325195,False,True,1.0458300113677979,1.0371700525283813,1.0414799451828003,1.0393699407577515,False,True,True,
2024-12-30,1.0407099723815918,1.0398199558258057,True,False,1.04243004322052,1.0343999862670898,1.036460041999817,1.034540057182312,True,False,True,
